{
	"sources" : 
	[
		{
			"file" : "/home/aaron/CMU15-445/bustub/build/googletest-download/CMakeFiles/googletest"
		},
		{
			"file" : "/home/aaron/CMU15-445/bustub/build/googletest-download/CMakeFiles/googletest.rule"
		},
		{
			"file" : "/home/aaron/CMU15-445/bustub/build/googletest-download/CMakeFiles/googletest-complete.rule"
		},
		{
			"file" : "/home/aaron/CMU15-445/bustub/build/googletest-download/googletest-prefix/src/googletest-stamp/googletest-install.rule"
		},
		{
			"file" : "/home/aaron/CMU15-445/bustub/build/googletest-download/googletest-prefix/src/googletest-stamp/googletest-mkdir.rule"
		},
		{
			"file" : "/home/aaron/CMU15-445/bustub/build/googletest-download/googletest-prefix/src/googletest-stamp/googletest-download.rule"
		},
		{
			"file" : "/home/aaron/CMU15-445/bustub/build/googletest-download/googletest-prefix/src/googletest-stamp/googletest-update.rule"
		},
		{
			"file" : "/home/aaron/CMU15-445/bustub/build/googletest-download/googletest-prefix/src/googletest-stamp/googletest-patch.rule"
		},
		{
			"file" : "/home/aaron/CMU15-445/bustub/build/googletest-download/googletest-prefix/src/googletest-stamp/googletest-configure.rule"
		},
		{
			"file" : "/home/aaron/CMU15-445/bustub/build/googletest-download/googletest-prefix/src/googletest-stamp/googletest-build.rule"
		},
		{
			"file" : "/home/aaron/CMU15-445/bustub/build/googletest-download/googletest-prefix/src/googletest-stamp/googletest-test.rule"
		}
	],
	"target" : 
	{
		"labels" : 
		[
			"googletest"
		],
		"name" : "googletest"
	}
}